{
  "states": {
    "BTCUSD": {
      "lastTick": 0,
      "atr": 39.34214285714552,
      "rsi": 52.0756540761132,
      "ema9": 76490.45511470854,
      "ema21": 76441.5724360301,
      "ema55": 76281.35101643998,
      "ema200": 76068.32192637981,
      "volumeAvg": 17.05,
      "currentVolume": 15,
      "trendM1": "UP",
      "trendM5": "UP",
      "trendH1": "UP",
      "gridLevel": 0,
      "basketWatermark": 0,
      "isBlocked": false,
      "lastSignalTime": 0
    },
    "ETHUSD": {
      "lastTick": 0,
      "atr": 1.9078571428572104,
      "rsi": 58.07660762944339,
      "ema9": 2098.9349751856644,
      "ema21": 2096.6075583213033,
      "ema55": 2088.9432573388463,
      "ema200": 2078.3496851640466,
      "volumeAvg": 26.6,
      "currentVolume": 31,
      "trendM1": "UP",
      "trendM5": "UP",
      "trendH1": "UP",
      "gridLevel": 0,
      "basketWatermark": 0,
      "isBlocked": false,
      "lastSignalTime": 0
    },
    "SOLUSD": {
      "lastTick": 0,
      "atr": 0.08785714285714111,
      "rsi": 46.136472317322195,
      "ema9": 85.33705519512938,
      "ema21": 85.298700402192,
      "ema55": 85.1110694768639,
      "ema200": 84.91451616337275,
      "volumeAvg": 14.3,
      "currentVolume": 10,
      "trendM1": "UP",
      "trendM5": "UP",
      "trendH1": "UP",
      "gridLevel": 0,
      "basketWatermark": 0,
      "isBlocked": false,
      "lastSignalTime": 0
    },
    "BNBUSD": {
      "lastTick": 0,
      "atr": 0.5535714285714286,
      "rsi": 44.32878038178121,
      "ema9": 652.9061508734851,
      "ema21": 652.8485203288785,
      "ema55": 652.5175771561642,
      "ema200": 652.6614128066799,
      "volumeAvg": 14.35,
      "currentVolume": 11,
      "trendM1": "UP",
      "trendM5": "UP",
      "trendH1": "UP",
      "gridLevel": 0,
      "basketWatermark": 0,
      "isBlocked": false,
      "lastSignalTime": 0
    },
    "XRPUSD": {
      "lastTick": 0,
      "atr": 0.0013785714285714354,
      "rsi": 39.255474808128184,
      "ema9": 1.346922645719193,
      "ema21": 1.34723400762241,
      "ema55": 1.3454611099752987,
      "ema200": 1.342146689377654,
      "volumeAvg": 16.45,
      "currentVolume": 15,
      "trendM1": "DOWN",
      "trendM5": "UP",
      "trendH1": "UP",
      "gridLevel": 0,
      "basketWatermark": 0,
      "isBlocked": false,
      "lastSignalTime": 0
    },
    "ADAUSD": {
      "lastTick": 0,
      "atr": 0.00025714285714285065,
      "rsi": 45.06709657851862,
      "ema9": 0.2452933831875887,
      "ema21": 0.24521812388005237,
      "ema55": 0.24492649766507002,
      "ema200": 0.24491271730085581,
      "volumeAvg": 5.9,
      "currentVolume": 4,
      "trendM1": "UP",
      "trendM5": "UP",
      "trendH1": "UP",
      "gridLevel": 0,
      "basketWatermark": 0,
      "isBlocked": false,
      "lastSignalTime": 0
    },
    "DOTUSD": {
      "lastTick": 0,
      "atr": 0.0057142857142857195,
      "rsi": 89.93995907553679,
      "ema9": 1.2894488450127841,
      "ema21": 1.286880520072317,
      "ema55": 1.282148943777625,
      "ema200": 1.2793641482254379,
      "volumeAvg": 2,
      "currentVolume": 1,
      "trendM1": "UP",
      "trendM5": "UP",
      "trendH1": "UP",
      "gridLevel": 0,
      "basketWatermark": 0,
      "isBlocked": false,
      "lastSignalTime": 0
    },
    "TRXUSD": {
      "lastTick": 0,
      "atr": 0.00007857142857141992,
      "rsi": 45.918930899331244,
      "ema9": 0.3626936464080932,
      "ema21": 0.36267304747442175,
      "ema55": 0.36258600485842674,
      "ema200": 0.36245277473854803,
      "volumeAvg": 1.6,
      "currentVolume": 1,
      "trendM1": "UP",
      "trendM5": "UP",
      "trendH1": "UP",
      "gridLevel": 0,
      "basketWatermark": 0,
      "isBlocked": false,
      "lastSignalTime": 0
    },
    "LTCUSD": {
      "lastTick": 0,
      "atr": 0.04999999999999868,
      "rsi": 48.48716098280096,
      "ema9": 53.6304210593049,
      "ema21": 53.60819426428844,
      "ema55": 53.477445286179524,
      "ema200": 53.30446212692561,
      "volumeAvg": 8.1,
      "currentVolume": 4,
      "trendM1": "UP",
      "trendM5": "UP",
      "trendH1": "UP",
      "gridLevel": 0,
      "basketWatermark": 0,
      "isBlocked": false,
      "lastSignalTime": 0
    },
    "BCHUSD": {
      "lastTick": 0,
      "atr": 0.414285714285707,
      "rsi": 57.95793125716197,
      "ema9": 375.637797469906,
      "ema21": 375.2656912157207,
      "ema55": 374.4287092090278,
      "ema200": 373.4867388212568,
      "volumeAvg": 4.6,
      "currentVolume": 3,
      "trendM1": "UP",
      "trendM5": "UP",
      "trendH1": "UP",
      "gridLevel": 0,
      "basketWatermark": 0,
      "isBlocked": false,
      "lastSignalTime": 0
    },
    "XLMUSD": {
      "lastTick": 0,
      "atr": 0.00015714285714285965,
      "rsi": 43.162891828033935,
      "ema9": 0.14552724524555372,
      "ema21": 0.14551135508972804,
      "ema55": 0.1452839114217733,
      "ema200": 0.14502658532359114,
      "volumeAvg": 3.1,
      "currentVolume": 3,
      "trendM1": "UP",
      "trendM5": "UP",
      "trendH1": "UP",
      "gridLevel": 0,
      "basketWatermark": 0,
      "isBlocked": false,
      "lastSignalTime": 0
    }
  },
  "dailyProfit": 0,
  "dailyLoss": 0,
  "timestamp": 1780979627316
}